0.014,147,-1,41,-1,-1,61,-1,2,1,29,1.7,1.4,0,0,15,0
0.037,147,14,74,-1,37.5,61,-1,-1,1,29,1.7,1.4,0,0,-1,1
0.364,170,-1,92,-1,-1,62,-1,2,1,33,1.7,1.4,0,0,16,0
0.364,147,14,92,-1,38.5,62,-1,-1,1,33,1.7,1.4,0,0,-1,1
0.703,170,14.1,104,-1,36.5,96,-1,2,1,76,1.7,0.285,0,492,15,0
0.706,170,14,118,-1,36.8,60,-1,2,1,44,0.706,0,0,492,16,0
0.735,170,14.1,113,-1,36.9,60,-1,2,1,46,1.106,0.121,0,486,16,0
0.735,200,14.1,113,-1,36.9,60,-1,-1,1,46,1.106,0.121,0,486,-1,1
0.747,200,14.1,113,-1,36.9,62,-1,-1,1,44,1.106,0.121,0,492,-1,1
0.747,170,14.1,113,-1,36.9,62,100,2,1,44,1.106,0.121,0,492,16,0
0.779,170,14,80,-1,36.9,60,-1,-1,1,55,1.106,0.121,0,479,-1,1
0.854,167,14.3,83,-1,36.9,60,-1,-1,1,50,1.706,0.342,0,492,-1,1
0.854,167,14.3,83,-1,36.9,60,-1,-1,1,50,1.706,0.342,0,492,-1,1
0.94,167,14.3,86,-1,36.9,65,-1,-1,1,48,1.706,0.342,0,486,-1,1
1.025,167,14.3,83,-1,36.9,60,-1,-1,1,50,1.706,0.342,0,486,-1,1
1.025,167,14.3,83,-1,36.9,60,100,2,1,50,1.706,0.342,0,486,15,0
1.025,167,14.3,83,-1,36.9,60,-1,-1,1,50,1.706,0.342,0,486,-1,1
1.207,186,14.3,101,-1,37,64,-1,-1,1,52,1.706,0.342,0,486,-1,1
1.218,189,14.3,104,-1,37,63,-1,2,1,49,1.706,0.342,0,479,14,0
1.218,189,14.3,104,-1,37,63,-1,-1,1,49,1.706,0.342,0,479,-1,1
1.294,189,14.3,104,-1,36.9,64,-1,-1,1,42,1.706,0.342,0,486,-1,1
1.312,189,14.3,95,-1,37,64,100,2,1,54,1.706,0.342,0,479,14,0
1.386,189,14.1,92,-1,37,75,-1,2,1,50,1.706,0.342,0,492,14,0
1.47,186,14.1,101,-1,37,73,-1,2,1,46,1.706,0.342,0,486,16,0
1.556,189,14.1,101,-1,37,69,-1,2,1,51,1.706,0.342,0,492,14,0
1.642,189,14.1,95,-1,37,68,-1,2,1,54,1.706,0.342,0,486,16,0
1.693,189,14.1,95,-1,37,76,-1,2,1,52,1.706,0.342,0,479,14,1
1.706,0,14.1,8,-1,37,76,-1,2,1,-37,1.706,0,0,545,16,0
1.706,0,13.5,44,-1,32.5,69,-1,-1,1,57,1.706,0,0,799,-1,1
0.002,200,14.2,29,-1,36.9,60,-1,2,1,79,3,0.75,0,492,15,0
0.008,200,14.2,35,-1,36.9,60,-1,-1,1,63,3,0.75,0,467,-1,1
0.017,200,14.3,38,-1,36.9,60,-1,-1,1,69,3,0.75,0,467,-1,1
0.031,200,14.3,38,-1,36.9,60,-1,-1,1,67,3,0.75,0,473,-1,1
0.045,200,14.3,41,-1,37,60,-1,-1,1,68,3,0.75,0,467,-1,1
0.055,200,14.3,38,-1,37,60,-1,-1,1,67,3,0.75,0,467,-1,1
0.07,200,14.3,38,-1,37,60,-1,-1,1,66,3,0.75,0,467,-1,1
0.084,200,14.3,44,-1,36.9,60,-1,-1,1,65,3,0.75,0,467,-1,1
0.099,200,14.3,41,-1,37,60,-1,-1,1,68,3,0.75,0,461,-1,1
0.107,200,14.2,41,-1,37.1,60,-1,-1,1,71,3,0.75,0,467,-1,1
0.122,200,14.2,41,-1,37.1,60,-1,-1,1,67,3,0.75,0,467,-1,1
0.127,200,14.3,44,-1,37.1,60,-1,-1,1,69,3,0.75,0,473,-1,1
0.136,200,14.3,41,-1,37.1,60,-1,-1,1,70,3,0.75,0,473,-1,1
0.146,200,14.3,41,-1,37.1,60,-1,-1,1,68,3,0.75,1,467,-1,1
0.161,200,14.3,44,-1,37.1,60,-1,-1,1,67,3,0.75,1,467,-1,1
0.172,198,14.3,41,-1,37.2,60,-1,-1,1,66,3,0.75,1,467,-1,1
0.186,200,14.3,44,-1,37.2,60,-1,-1,1,68,3,0.75,1,467,-1,1
0.195,200,14.3,41,-1,37.2,60,-1,-1,1,69,3,0.75,1,473,-1,1
0.21,200,14.3,41,-1,37.2,60,-1,-1,1,67,3,0.75,1,473,-1,1
0.224,200,14.3,44,-1,37.2,60,-1,-1,1,67,3,0.75,1,473,-1,1
0.234,200,14.3,41,-1,37.2,60,-1,-1,1,69,3,0.75,1,467,-1,1
0.248,200,14.3,41,-1,37.2,60,-1,-1,1,70,3,0.75,1,467,-1,1
0.263,200,14.3,41,-1,37.2,60,-1,-1,1,68,3,0.75,1,467,-1,1
0.277,200,14.3,44,-1,37.2,60,-1,-1,1,70,3,0.75,1,473,-1,1
0.287,200,14.3,41,-1,37.2,60,-1,-1,1,67,3,0.75,1,467,-1,1
0.301,200,14.3,44,-1,37.2,60,-1,-1,1,73,3,0.75,1,467,-1,1
0.316,200,14.3,44,-1,37.2,60,-1,-1,1,69,3,0.75,1,467,-1,1
0.324,200,14.3,46,-1,37.2,60,-1,-1,1,68,3,0.75,1,479,-1,1
0.336,200,14.3,44,-1,37.2,60,-1,-1,1,68,3,0.75,1,467,-1,1
0.35,200,14.3,44,-1,37.2,60,-1,-1,1,70,3,0.75,1,467,-1,1
0.364,200,14.3,44,-1,37.2,60,-1,-1,1,68,3,0.75,1,467,-1,1
0.374,200,14.3,44,-1,37.2,59,-1,-1,1,66,3,0.75,1,467,-1,1
0.384,200,14.3,47,-1,37.2,59,-1,-1,1,70,3,0.75,1,467,-1,1
0.399,200,14.3,47,-1,37.2,59,-1,-1,1,66,3,0.75,1,473,-1,1
0.413,200,14.3,44,-1,37.2,59,-1,-1,1,66,3,0.75,1,467,-1,1
0.422,200,14.3,44,-1,37.2,59,-1,-1,1,67,3,0.75,1,473,-1,1
0.436,200,14.3,44,-1,37.2,59,-1,-1,1,67,3,0.75,1,467,-1,1
0.451,200,14.3,44,-1,37.2,59,-1,-1,1,70,3,0.75,1,473,-1,1
0.465,200,14.3,44,-1,37.2,59,-1,-1,1,70,3,0.75,1,467,-1,1
0.475,200,14.3,44,-1,37.2,59,-1,2,1,67,3,0.75,1,461,15,0
0.487,200,14.3,50,-1,37.2,59,-1,-1,1,73,3,0.75,1,513,-1,1
0.501,200,14.3,44,-1,37.2,59,-1,-1,1,70,3,0.75,1,479,-1,1
0.51,200,14.4,44,-1,37.2,59,-1,-1,1,69,3,0.75,1,473,-1,1
0.524,200,14.3,44,-1,37.3,59,-1,-1,1,73,3,0.75,1,479,-1,1
0.539,200,14.3,44,-1,37.3,59,-1,-1,1,72,3,0.75,1,473,-1,1
0.553,200,14.3,44,-1,37.3,59,-1,-1,1,71,3,0.75,1,461,-1,1
0.563,200,14.3,44,-1,37.3,59,-1,-1,1,70,3,0.75,1,473,-1,1
0.577,200,14.3,47,-1,37.3,59,-1,-1,1,70,3,0.75,1,467,-1,1
0.592,200,14.3,47,-1,37.2,59,-1,-1,1,68,3,0.75,1,473,-1,1
0.601,200,14.3,44,-1,37.2,59,-1,-1,1,71,3,0.75,1,473,-1,1
0.615,198,14.3,44,-1,37.2,59,-1,-1,1,71,3,0.75,1,467,-1,1
0.629,198,14.3,44,-1,37.2,59,-1,-1,1,74,3,0.75,1,467,-1,1
0.643,200,14.3,44,-1,37.2,59,-1,-1,1,68,3,0.75,1,467,-1,1
0.649,200,14.3,52,-1,37.2,59,-1,-1,1,71,3,0.75,1,506,-1,1
0.664,200,14.3,47,-1,37.2,59,-1,-1,1,67,3,0.75,1,467,-1,1
0.678,198,14.3,44,-1,37.2,59,-1,-1,1,66,3,0.75,1,461,-1,1
0.692,200,14.3,47,-1,37.1,59,-1,-1,1,67,3,0.75,1,467,-1,1
0.702,200,14.3,44,-1,37.1,59,-1,-1,1,70,3,0.75,1,473,-1,1
0.717,200,14.3,44,-1,37.1,59,-1,-1,1,69,3,0.75,1,461,-1,1
0.731,200,14.3,44,-1,37.1,59,-1,-1,1,71,3,0.75,1,467,-1,1
0.741,200,14.4,44,-1,37.1,59,-1,-1,1,67,3,0.75,1,467,-1,1
0.751,200,14.4,47,-1,37.1,60,-1,2,1,66,3,0.75,1,467,15,0
0.76,200,14.4,44,-1,37.1,60,-1,-1,1,68,3,0.75,1,467,-1,1
0.774,200,14.3,44,-1,37.1,60,-1,-1,1,71,3,0.75,1,479,-1,1
0.788,200,14.4,44,-1,37.1,60,-1,-1,1,70,3,0.75,1,461,-1,1
0.798,200,14.4,44,-1,37.2,60,-1,-1,1,69,3,0.75,1,467,-1,1
0.811,198,14.4,52,-1,37.2,60,-1,-1,1,69,3,0.75,1,506,-1,1
0.824,200,14.4,44,-1,37.2,60,-1,-1,1,65,3,0.75,1,467,-1,1
0.839,200,14.4,47,-1,37.2,60,-1,-1,1,67,3,0.75,1,467,-1,1
0.848,200,14.4,44,-1,37.2,60,-1,-1,1,69,3,0.75,1,467,-1,1
0.851,0,14.4,50,-1,37.1,60,-1,-1,1,50,3,0.75,1,545,-1,1
0.856,200,14.4,47,-1,37.1,60,-1,-1,1,71,3,0.75,1,461,-1,1
0.865,200,14.4,47,-1,37.2,60,-1,-1,1,67,3,0.75,1,467,-1,1
0.88,200,14.4,47,-1,37.2,60,-1,-1,1,69,3,0.75,1,461,-1,1
0.893,200,14.4,47,-1,37.2,60,-1,-1,1,67,3,0.75,1,473,-1,1
0.903,200,14.4,44,-1,37.1,60,-1,-1,1,69,3,0.75,1,467,-1,1
0.917,200,14.4,44,-1,37.1,60,-1,-1,1,71,3,0.75,1,473,-1,1
0.925,0,14.4,50,-1,37.2,60,-1,-1,1,69,3,0.75,1,473,-1,1
0.927,200,14.4,8,-1,37.2,60,-1,-1,1,102,3,0.75,1,473,-1,1
0.928,139,14.4,8,-1,37.2,60,-1,-1,1,12,3,0.75,1,467,-1,1
0.93,178,14.4,8,-1,37.2,60,-1,-1,1,42,3,0.75,1,473,-1,1
0.939,200,14.4,44,-1,37.2,60,-1,-1,1,74,3,0.75,1,467,-1,1
0.949,200,14.4,47,-1,37.2,60,-1,-1,1,68,3,0.75,1,467,-1,1
0.963,200,14.4,47,-1,37.2,60,-1,-1,1,67,3,0.75,1,473,-1,1
0.973,198,14.4,44,-1,37.2,60,-1,-1,1,67,3,0.75,1,467,-1,1
0.983,200,14.4,44,-1,37.2,60,-1,-1,1,70,3,0.75,1,467,-1,1
0.998,200,14.4,44,-1,37.2,60,-1,-1,1,71,3,0.75,1,467,-1,1
1.012,200,14.4,44,-1,37.2,60,-1,-1,1,67,3,0.75,1,467,-1,1
1.026,200,14.4,44,-1,37.2,60,-1,-1,1,71,3,0.75,1,467,-1,1
1.036,200,14.4,50,-1,37.2,60,-1,-1,1,67,3,0.75,1,467,-1,1
1.051,200,14.4,47,-1,37.2,60,-1,-1,1,67,3,0.75,1,473,-1,1
1.065,200,14.4,47,-1,37.1,60,-1,-1,1,68,3,0.75,1,473,-1,1
1.074,200,14.4,47,-1,37.1,60,-1,-1,1,69,3,0.75,1,473,-1,1
1.088,200,14.4,47,-1,37.2,60,-1,-1,1,71,3,0.75,1,473,-1,1
1.103,200,14.4,47,-1,37.2,60,-1,-1,1,70,3,0.75,1,467,-1,1
1.113,200,14.4,47,-1,37.2,61,-1,2,1,70,3,0.75,1,473,15,0
1.122,200,14.4,50,-1,37.2,61,-1,-1,1,67,3,0.75,1,467,-1,1
1.133,200,14.4,47,-1,37.2,61,-1,-1,1,70,3,0.75,1,467,-1,1
1.147,200,14.4,47,-1,37.2,61,-1,-1,1,71,3,0.75,1,473,-1,1
1.157,200,14.4,47,-1,37.2,61,-1,-1,1,67,3,0.75,1,467,-1,1
1.171,200,14.4,50,-1,37.2,61,-1,-1,1,70,3,0.75,1,467,-1,1
1.186,200,14.4,50,-1,37.2,61,-1,-1,1,69,3,0.75,1,467,-1,1
1.2,200,14.4,50,-1,37.2,61,-1,-1,1,66,3,0.75,1,461,-1,1
1.209,200,14.4,47,-1,37.2,61,-1,-1,1,74,3,0.75,1,467,-1,1
1.223,200,14.4,47,-1,37.2,61,-1,-1,1,68,3,0.75,1,461,-1,1
1.238,200,14.4,47,-1,37.2,61,-1,-1,1,71,3,0.75,1,473,-1,1
1.252,200,14.4,47,-1,37.1,61,-1,-1,1,68,3,0.75,1,467,-1,1
1.262,200,14.4,50,-1,37.1,61,-1,-1,1,67,3,0.75,1,467,-1,1
1.276,200,14.4,50,-1,37.1,61,-1,-1,1,71,3,0.75,1,467,-1,1
1.289,200,14.4,47,-1,37.1,61,-1,-1,1,69,3,0.75,1,467,-1,1
1.296,200,14.4,50,-1,37.2,61,-1,-1,1,69,3,0.75,1,473,-1,1
1.311,200,14.4,47,-1,37.2,61,-1,-1,1,67,3,0.75,1,467,-1,1
1.325,200,14.4,47,-1,37.2,61,-1,-1,1,68,3,0.75,1,467,-1,1
1.339,200,14.4,47,-1,37.2,61,-1,-1,1,68,3,0.75,1,467,-1,1
1.349,200,14.4,50,-1,37.2,61,-1,-1,1,69,3,0.75,1,461,-1,1
1.364,200,14.4,50,-1,37.1,61,-1,-1,1,68,3,0.75,1,467,-1,1
1.378,200,14.4,56,-1,37.1,61,-1,-1,1,70,3,0.75,1,467,-1,1
1.387,200,14.4,50,-1,37.2,61,-1,-1,1,68,3,0.75,1,467,-1,1
1.401,200,14.4,50,-1,37.1,61,-1,-1,1,67,3,0.75,1,461,-1,1
1.417,200,14.4,50,-1,37.1,61,-1,-1,1,70,3,0.75,1,467,-1,1
1.431,200,14.4,53,-1,37.1,61,-1,-1,1,70,3,0.75,1,467,-1,1
1.44,200,14.4,50,-1,37.1,61,-1,-1,1,70,3,0.75,1,467,-1,1
1.453,200,14.4,56,-1,37.2,61,-1,-1,1,73,3,0.75,1,499,-1,1
1.466,200,14.4,50,-1,37.2,61,-1,-1,1,67,3,0.75,1,467,-1,1
1.48,200,14.4,53,-1,37.2,61,-1,-1,1,71,3,0.75,1,461,-1,1
1.484,200,14.3,50,-1,37.2,62,100,2,1,66,3,0.75,1,461,15,0
1.494,200,14.4,53,-1,37.1,62,-1,-1,1,66,3,0.75,1,461,-1,1
1.509,200,14.3,29,-1,37.1,62,-1,-1,1,61,3,0.75,1,467,-1,1
1.51,0,14.3,26,-1,37.1,62,-1,-1,1,62,3,0.75,1,467,-1,1
1.51,64,14.3,5,-1,37.1,62,-1,-1,1,66,3,0.75,1,473,-1,1
1.513,200,14.3,29,-1,37.1,62,-1,-1,1,70,3,0.75,1,473,-1,1
1.523,200,14.4,41,-1,37.1,62,-1,-1,1,74,3,0.75,1,473,-1,1
1.538,200,14.4,44,-1,37.2,62,-1,-1,1,68,3,0.75,1,473,-1,1
1.552,200,14.4,47,-1,37.2,62,-1,-1,1,68,3,0.75,1,473,-1,1
1.562,200,14.4,47,-1,37.2,62,-1,-1,1,67,3,0.75,1,467,-1,1
1.575,200,14.4,47,-1,37.2,62,-1,-1,1,71,3,0.75,1,473,-1,1
1.589,200,14.4,50,-1,37.1,62,-1,-1,1,67,3,0.75,1,473,-1,1
1.604,198,14.4,47,-1,37.2,62,-1,-1,1,72,3,0.75,1,473,-1,1
1.611,200,14.4,50,-1,37.2,62,-1,-1,1,65,3,0.75,1,467,-1,1
1.625,200,14.4,50,-1,37.2,62,-1,-1,1,68,3,0.75,1,473,-1,1
1.639,200,14.4,50,-1,37.2,62,-1,-1,1,69,3,0.75,1,473,-1,1
1.654,200,14.4,50,-1,37.2,62,-1,-1,1,68,3,0.75,1,467,-1,1
1.663,200,14.4,47,-1,37.2,62,-1,-1,1,71,3,0.75,1,467,-1,1
1.677,200,14.4,47,-1,37.2,62,-1,-1,1,73,3,0.75,1,473,-1,1
1.691,200,14.4,47,-1,37.2,62,-1,-1,1,68,3,0.75,1,473,-1,1
1.702,200,14.4,50,-1,37.2,62,-1,-1,1,72,3,0.75,1,479,-1,1
1.716,200,14.4,50,-1,37.2,62,-1,-1,1,68,3,0.75,1,473,-1,1
1.73,200,14.4,50,-1,37.2,62,-1,-1,1,68,3,0.75,1,473,-1,1
1.739,200,14.4,47,-1,37.2,62,-1,-1,1,69,3,0.75,1,473,-1,1
1.754,200,14.4,47,-1,37.2,62,-1,-1,1,69,3,0.75,1,467,-1,1
1.767,200,14.4,50,-1,37.2,62,-1,-1,1,72,3,0.75,1,486,-1,1
1.779,200,14.4,47,-1,37.2,62,-1,-1,1,71,3,0.75,1,473,-1,1
1.788,200,14.4,50,-1,37.2,62,-1,-1,1,73,3,0.75,1,473,-1,1
1.803,200,14.4,50,-1,37.2,62,-1,-1,1,69,3,0.75,1,455,-1,1
1.818,200,14.4,50,-1,37.2,62,-1,-1,1,71,3,0.75,1,467,-1,1
1.832,200,14.4,50,-1,37.2,62,-1,-1,1,66,3,0.75,1,467,-1,1
1.841,200,14.3,50,-1,37.2,62,-1,-1,1,72,3,0.75,1,467,-1,1
1.851,198,14.4,50,-1,37.2,62,-1,2,1,76,3,0.75,1,467,15,0
1.861,200,14.4,50,-1,37.2,62,-1,-1,1,71,3,0.75,1,461,-1,1
1.875,200,14.4,50,-1,37.2,62,-1,-1,1,70,3,0.75,1,461,-1,1
1.89,200,14.4,50,-1,37.1,62,-1,-1,1,68,3,0.75,1,473,-1,1
1.9,200,14.4,50,-1,37.1,62,-1,-1,1,67,3,0.75,1,461,-1,1
1.914,200,14.3,50,-1,37.1,62,-1,-1,1,67,3,0.75,1,461,-1,1
1.928,200,14.4,50,-1,37.1,62,-1,-1,1,74,3,0.75,1,461,-1,1
1.939,200,14.4,47,-1,37.1,62,-1,-1,1,70,3,0.75,1,461,-1,1
1.949,200,14.4,50,-1,37.2,62,-1,-1,1,74,3,0.75,1,467,-1,1
1.959,184,14.4,14,-1,37.2,62,-1,-1,1,75,3,0.75,1,467,-1,1
1.962,200,14.4,47,-1,37.2,62,-1,-1,1,63,3,0.75,1,473,-1,1
1.972,200,14.4,32,-1,37.2,62,-1,-1,1,72,3,0.75,1,473,-1,1
1.987,200,14.4,50,-1,37.2,62,-1,-1,1,70,3,0.75,1,473,-1,1
2.001,200,14.4,50,-1,37.2,62,-1,-1,1,69,3,0.75,1,473,-1,1
2.01,200,14.4,50,-1,37.2,62,-1,-1,1,71,3,0.75,1,461,-1,1
2.024,198,14.3,50,-1,37.2,62,-1,-1,1,73,3,0.75,1,467,-1,1
2.039,198,14.4,47,-1,37.2,62,-1,-1,1,71,3,0.75,1,467,-1,1
2.053,200,14.4,50,-1,37.2,62,-1,-1,1,75,3,0.75,1,467,-1,1
2.063,200,14.4,50,-1,37.2,62,-1,-1,1,73,3,0.75,1,467,-1,1
2.077,200,14.4,50,-1,37.1,62,-1,-1,1,71,3,0.75,1,467,-1,1
2.088,200,14.4,50,-1,37.1,62,-1,-1,1,77,3,0.75,1,479,-1,1
2.097,200,14.4,47,-1,37.2,62,-1,-1,1,71,3,0.75,1,473,-1,1
2.112,200,14.4,50,-1,37.2,62,-1,-1,1,75,3,0.75,1,473,-1,1
2.126,200,14.4,50,-1,37.2,62,-1,-1,1,71,3,0.75,1,467,-1,1
2.141,200,14.4,50,-1,37.2,62,-1,-1,1,77,3,0.75,1,473,-1,1
2.151,200,14.4,56,-1,37.2,62,-1,-1,1,70,3,0.75,1,473,-1,1
2.165,200,14.4,53,-1,37.2,62,-1,-1,1,69,3,0.75,1,473,-1,1
2.179,200,14.4,53,-1,37.2,62,-1,-1,1,70,3,0.75,1,473,-1,1
2.188,200,14.4,53,-1,37.2,62,-1,-1,1,76,3,0.75,1,473,-1,1
2.203,200,14.4,53,-1,37.2,62,-1,-1,1,75,3,0.75,1,473,-1,1
2.217,200,14.4,50,-1,37.2,62,-1,-1,1,76,3,0.75,1,473,-1,1
2.222,200,14.4,53,-1,37.2,63,-1,2,1,71,3,0.75,1,473,15,0
2.231,200,14.4,56,-1,37.2,63,-1,-1,1,71,3,0.75,1,473,-1,1
2.246,200,14.4,53,-1,37.2,63,-1,-1,1,71,3,0.75,1,473,-1,1
2.257,200,14.4,50,-1,37.2,63,-1,-1,1,72,3,0.75,1,467,-1,1
2.266,200,14.4,56,-1,37.2,63,-1,-1,1,73,3,0.75,1,473,-1,1
2.28,200,14.4,50,-1,37.2,63,-1,-1,1,73,3,0.75,1,479,-1,1
2.295,200,14.4,53,-1,37.2,63,-1,-1,1,71,3,0.75,1,473,-1,1
2.309,200,14.4,56,-1,37.2,63,-1,-1,1,72,3,0.75,1,473,-1,1
2.319,200,14.4,53,-1,37.2,63,-1,-1,1,74,3,0.75,1,473,-1,1
2.333,200,14.4,55,-1,37.2,63,-1,-1,1,59,3,0.75,1,537,-1,1
2.348,200,14.4,56,-1,37.2,63,-1,-1,1,72,3,0.75,1,467,-1,1
2.362,200,14.4,53,-1,37.2,63,-1,-1,1,74,3,0.75,1,467,-1,1
2.372,200,14.4,53,-1,37.2,63,-1,-1,1,73,3,0.75,1,467,-1,1
2.386,200,14.4,53,-1,37.2,63,-1,-1,1,74,3,0.75,1,473,-1,1
2.401,200,14.4,56,-1,37.2,63,-1,-1,1,75,3,0.75,1,473,-1,1
2.409,200,14.4,61,-1,37.2,63,-1,-1,1,71,3,0.75,1,513,-1,1
2.421,200,14.4,50,-1,37.2,63,-1,-1,1,75,3,0.75,1,467,-1,1
2.435,200,14.4,53,-1,37.2,63,-1,-1,1,77,3,0.75,1,467,-1,1
2.45,200,14.4,53,-1,37.2,63,-1,-1,1,76,3,0.75,1,473,-1,1
2.46,200,14.4,56,-1,37.2,63,-1,-1,1,71,3,0.75,1,467,-1,1
2.474,200,14.4,65,-1,37.2,63,-1,-1,1,71,3,0.75,1,467,-1,1
2.489,200,14.4,56,-1,37.2,63,-1,-1,1,72,3,0.75,1,473,-1,1
2.497,200,14.4,56,-1,37.2,63,-1,-1,1,74,3,0.75,1,467,-1,1
2.512,200,14.4,56,-1,37.2,63,-1,-1,1,73,3,0.75,1,467,-1,1
2.526,200,14.4,62,-1,37.2,63,-1,-1,1,76,3,0.75,1,467,-1,1
2.536,200,14.4,53,-1,37.2,63,-1,-1,1,77,3,0.75,1,473,-1,1
2.55,200,14.4,56,-1,37.2,63,-1,-1,1,70,3,0.75,1,473,-1,1
2.565,200,14.4,56,-1,37.2,63,-1,-1,1,77,3,0.75,1,467,-1,1
2.576,200,14.4,56,-1,37.2,63,-1,-1,1,70,3,0.75,1,473,-1,1
2.585,200,14.4,56,-1,37.2,63,-1,-1,1,73,3,0.75,1,467,-1,1
2.595,200,14.4,56,-1,37.2,64,-1,2,1,73,3,0.75,1,467,15,0
2.605,200,14.4,59,-1,37.2,64,-1,-1,1,75,3,0.75,1,473,-1,1
2.62,200,14.4,59,-1,37.2,64,-1,-1,1,70,3,0.75,1,467,-1,1
2.634,200,14.4,56,-1,37.2,64,-1,-1,1,71,3,0.75,1,467,-1,1
2.643,200,14.4,53,-1,37.2,64,-1,-1,1,72,3,0.75,1,473,-1,1
2.657,200,14.4,53,-1,37.2,64,-1,-1,1,74,3,0.75,1,467,-1,1
2.672,200,14.4,56,-1,37.2,64,-1,-1,1,73,3,0.75,1,473,-1,1
2.686,200,14.4,56,-1,37.2,64,-1,-1,1,75,3,0.75,1,473,-1,1
2.696,200,14.4,56,-1,37.2,64,-1,-1,1,74,3,0.75,1,473,-1,1
2.71,200,14.4,56,-1,37.2,64,-1,-1,1,75,3,0.75,1,467,-1,1
2.725,200,14.4,56,-1,37.2,64,-1,-1,1,74,3,0.75,1,467,-1,1
2.732,200,14.4,64,-1,37.2,64,-1,-1,1,72,3,0.75,1,513,-1,1
2.745,200,14.4,56,-1,37.2,64,-1,-1,1,78,3,0.75,1,473,-1,1
2.759,200,14.4,59,-1,37.2,64,-1,-1,1,71,3,0.75,1,461,-1,1
2.774,200,14.4,59,-1,37.2,64,-1,-1,1,72,3,0.75,1,467,-1,1
2.783,200,14.4,86,-1,37.2,64,-1,-1,1,70,3,0.75,1,467,-1,1
2.797,198,14.4,56,-1,37.1,64,-1,-1,1,71,3,0.75,1,461,-1,1
2.812,200,14.4,56,-1,37.1,64,-1,-1,1,73,3,0.75,1,467,-1,1
2.822,200,14.4,56,-1,37.1,64,-1,-1,1,70,3,0.75,1,461,-1,1
2.836,200,14.3,56,-1,37.1,64,-1,-1,1,66,3,0.75,1,461,-1,1
2.85,198,14.3,59,-1,37.1,64,-1,-1,1,74,3,0.75,1,461,-1,1
2.861,200,14.3,56,-1,37.1,64,-1,-1,1,66,3,0.75,1,455,-1,1
2.87,200,14.4,56,-1,37.1,64,-1,-1,1,66,3,0.75,1,449,-1,1
2.885,200,14.4,56,-1,37.1,64,-1,-1,1,73,3,0.75,1,455,-1,1
2.899,200,14.3,59,-1,37.1,64,-1,-1,1,71,3,0.75,1,455,-1,1
2.909,200,14.3,56,-1,37.1,64,-1,-1,1,72,3,0.75,1,467,-1,1
2.923,200,14.4,56,-1,37.1,64,-1,-1,1,73,3,0.75,1,467,-1,1
2.938,198,14.4,59,-1,37.1,64,-1,-1,1,70,3,0.75,1,467,-1,1
2.952,200,14.4,59,-1,37.2,64,-1,-1,1,70,3,0.75,1,467,-1,1
2.962,200,14.4,59,-1,37.2,64,-1,-1,1,72,3,0.75,1,473,-1,1
2.972,200,14.4,59,-1,37.2,66,-1,2,1,70,3,0.75,1,467,15,0
2.982,200,14.4,62,-1,37.2,66,-1,-1,1,72,3,0.75,1,467,-1,1
2.996,200,14.4,65,-1,37.2,66,-1,-1,1,71,3,0.75,1,461,-1,1
3,2,14.4,68,-1,37.2,66,-1,-1,1,71,3,0,1,461,-1,1
3,150,14.3,47,-1,37.2,66,-1,-1,1,71,3,0,1,473,-1,1
3,150,14.4,38,-1,37.1,66,-1,-1,1,57,3,0,1,473,-1,1
3,0,14.4,0,-1,37.1,61,-1,-1,1,43,3,0,0,467,-1,1
3,0,14.3,11,-1,37.1,61,-1,2,1,53,3,0,1,461,15,0
3,0,14.4,0,-1,37.1,61,-1,-1,1,43,3,0,0,467,-1,1
0.009,200,13.9,88,-1,37.5,78,-1,2,1,92,3.5,0.875,1,486,16,0
0.011,239,13.9,136,-1,37.2,78,-1,2,1,95,3.5,0.875,1,486,16,0
0.038,236,13.9,133,-1,37,78,-1,-1,1,95,3.5,0.875,1,486,-1,1
0.055,236,13.9,139,-1,37,78,-1,-1,1,96,3.5,0.875,1,492,-1,1
0.066,236,13.9,136,-1,37,78,-1,-1,1,94,3.5,0.875,1,492,-1,1
0.082,236,13.9,133,-1,36.9,78,-1,-1,1,95,3.5,0.875,1,492,-1,1
0.1,236,13.9,136,-1,36.9,78,-1,-1,1,95,3.5,0.875,1,492,-1,1
0.116,236,13.9,133,-1,36.9,78,-1,-1,1,93,3.5,0.875,1,486,-1,1
0.128,236,13.9,133,-1,36.9,78,-1,-1,1,92,3.5,0.875,1,492,-1,1
0.144,239,13.9,133,-1,36.9,78,-1,-1,1,92,3.5,0.875,1,492,-1,1
0.162,236,13.9,136,-1,36.9,78,-1,-1,1,91,3.5,0.875,1,486,-1,1
0.173,236,13.9,133,-1,36.8,78,-1,-1,1,91,3.5,0.875,1,486,-1,1
0.189,236,14,133,-1,36.8,78,-1,-1,1,95,3.5,0.875,1,486,-1,1
0.201,236,14,121,-1,36.8,78,-1,-1,1,93,3.5,0.875,1,492,-1,1
0.219,236,14,121,-1,36.8,78,-1,-1,1,92,3.5,0.875,1,492,-1,1
0.23,236,14,115,-1,36.8,78,-1,-1,1,90,3.5,0.875,1,486,-1,1
0.246,236,14,106,-1,36.8,78,-1,-1,1,95,3.5,0.875,1,486,-1,1
0.263,236,14,99,-1,36.8,78,-1,-1,1,93,3.5,0.875,1,486,-1,1
0.274,236,14,103,-1,36.8,78,-1,-1,1,94,3.5,0.875,1,492,-1,1
0.291,236,14,96,-1,36.8,78,-1,-1,1,94,3.5,0.875,1,486,-1,1
0.308,236,14,90,-1,36.8,78,-1,-1,1,95,3.5,0.875,1,486,-1,1
0.325,236,14,84,-1,36.8,78,-1,-1,1,94,3.5,0.875,1,486,-1,1
0.336,236,14,78,-1,36.8,78,-1,-1,1,98,3.5,0.875,1,486,-1,1
0.353,236,14,66,-1,36.8,78,-1,-1,1,96,3.5,0.875,1,499,-1,1
0.369,236,14,72,-1,36.8,78,-1,-1,1,94,3.5,0.875,1,486,-1,1
0.38,236,14,69,-1,36.8,78,-1,-1,1,94,3.5,0.875,1,486,-1,1
0.394,236,13.9,66,-1,36.8,78,-1,-1,1,96,3.5,0.875,1,486,-1,1
0.41,236,13.9,72,-1,36.8,78,-1,-1,1,99,3.5,0.875,1,492,-1,1
0.421,236,13.9,78,-1,36.8,78,-1,-1,1,96,3.5,0.875,1,492,-1,1
0.427,236,13.9,81,-1,36.8,72,-1,2,1,96,3.5,0.875,1,486,15,0
0.437,236,13.9,75,-1,36.8,72,-1,-1,1,95,3.5,0.875,1,492,-1,1
0.451,236,14,72,-1,36.8,72,-1,-1,1,99,3.5,0.875,1,492,-1,1
0.468,236,14,72,-1,36.8,72,-1,-1,1,94,3.5,0.875,1,492,-1,1
0.479,236,14,66,-1,36.8,72,-1,-1,1,93,3.5,0.875,1,479,-1,1
0.495,236,14,54,-1,36.8,72,-1,-1,1,96,3.5,0.875,1,479,-1,1
0.513,236,14,54,-1,36.8,72,-1,-1,1,98,3.5,0.875,1,486,-1,1
0.529,236,14,51,-1,36.8,72,-1,-1,1,97,3.5,0.875,1,486,-1,1
0.54,236,14,48,-1,36.8,72,-1,-1,1,100,3.5,0.875,1,492,-1,1
0.546,0,14,66,-1,36.8,72,-1,-1,1,80,3.5,0.875,1,486,-1,1
0.549,194,14,66,-1,36.8,72,-1,-1,1,99,3.5,0.875,1,486,-1,1
0.555,150,14,57,-1,36.8,72,-1,-1,1,94,3.5,0.875,1,486,-1,1
0.564,225,14.2,133,-1,36.8,72,-1,-1,1,99,3.5,0.875,1,521,-1,1
0.568,147,14.3,81,-1,36.8,72,-1,-1,1,99,3.5,0.875,1,492,-1,1
0.576,0,14.4,27,-1,36.8,72,-1,-1,1,84,3.5,0.875,1,492,-1,1
0.576,52,14.4,-6,-1,36.8,72,-1,-1,1,72,3.5,0.875,1,486,-1,1
0.581,97,14.4,0,-1,36.8,72,-1,-1,1,56,3.5,0.875,1,486,-1,1
0.587,0,14.4,103,-1,36.8,72,-1,-1,1,89,3.5,0.875,1,492,-1,1
0.591,147,14.4,93,-1,36.8,72,-1,-1,1,130,3.5,0.875,1,492,-1,1
0.601,0,14.4,9,-1,36.8,72,-1,-1,1,69,3.5,0.875,1,492,-1,1
0.606,147,14.4,6,-1,36.8,66,-1,-1,1,24,3.5,0.875,1,492,-1,1
0.612,197,14.4,6,-1,36.8,66,-1,-1,1,-10,3.5,0.875,1,499,-1,1
0.617,0,14.4,3,-1,36.8,66,-1,-1,1,42,3.5,0.875,1,492,-1,1
0.621,147,14.4,0,-1,36.8,66,-1,-1,1,41,3.5,0.875,1,492,-1,1
0.624,0,14.4,0,-1,36.8,66,-1,-1,1,79,3.5,0.875,1,492,-1,1
0.63,147,14.4,30,-1,36.8,66,-1,-1,1,50,3.5,0.875,1,499,-1,1
0.64,141,14.4,-3,-1,36.8,66,-1,-1,1,48,3.5,0.875,1,492,-1,1
0.641,2,14.4,0,-1,36.8,66,-1,-1,1,85,3.5,0.875,1,486,-1,1
0.645,130,14.4,-3,-1,36.8,66,-1,-1,1,51,3.5,0.875,1,499,-1,1
0.65,147,14.4,-3,-1,36.8,66,-1,-1,1,25,3.5,0.875,1,486,-1,1
0.656,197,14.4,115,-1,36.8,66,-1,-1,1,84,3.5,0.875,1,486,-1,1
0.667,197,14.4,106,-1,36.8,66,-1,-1,1,79,3.5,0.875,1,492,-1,1
0.661,197,14.4,109,-1,36.8,66,100,2,1,87,3.5,0.875,1,492,15,0
0.681,200,14.4,69,-1,36.8,66,-1,-1,1,88,3.5,0.875,1,492,-1,1
0.684,158,14.4,27,-1,36.8,66,-1,-1,1,84,3.5,0.875,1,492,-1,1
0.689,197,14.4,84,-1,36.8,66,-1,-1,1,83,3.5,0.875,1,492,-1,1
0.694,236,14.4,118,-1,36.8,66,-1,-1,1,90,3.5,0.875,1,486,-1,1
0.706,236,14.5,133,-1,36.8,66,-1,-1,1,86,3.5,0.875,1,492,-1,1
0.723,236,14.4,130,-1,36.8,66,-1,-1,1,90,3.5,0.875,1,486,-1,1
0.74,236,14.4,130,-1,36.8,66,-1,-1,1,86,3.5,0.875,1,486,-1,1
0.751,236,14.4,133,-1,36.8,66,-1,-1,1,90,3.5,0.875,1,499,-1,1
0.768,236,14.4,130,-1,36.8,66,-1,-1,1,85,3.5,0.875,1,492,-1,1
0.784,236,14.4,130,-1,36.8,66,-1,-1,1,84,3.5,0.875,1,486,-1,1
0.8,236,14.5,130,-1,36.8,66,-1,-1,1,82,3.5,0.875,1,479,-1,1
0.807,236,14.5,121,-1,36.8,66,-1,-1,1,98,3.5,0.875,1,479,-1,1
0.824,236,14.4,127,-1,36.8,66,-1,-1,1,86,3.5,0.875,1,486,-1,1
0.841,236,14.5,127,-1,36.8,66,-1,-1,1,84,3.5,0.875,1,486,-1,1
0.852,236,14.5,127,-1,36.8,66,-1,-1,1,90,3.5,0.875,1,486,-1,1
0.869,236,14.5,130,-1,36.8,66,-1,-1,1,84,3.5,0.875,1,486,-1,1
0.885,236,14.5,124,-1,36.8,66,-1,-1,1,83,3.5,0.875,1,473,-1,1
0.903,236,14.5,127,-1,36.8,66,-1,-1,1,86,3.5,0.875,1,479,-1,1
0.913,236,14.5,130,-1,36.8,66,-1,-1,1,84,3.5,0.875,1,473,-1,1
0.93,236,14.5,124,-1,36.8,66,-1,-1,1,89,3.5,0.875,1,473,-1,1
0.947,236,14.5,124,-1,36.8,66,-1,-1,1,84,3.5,0.875,1,492,-1,1
0.964,236,14.5,124,-1,36.8,66,-1,-1,1,85,3.5,0.875,1,473,-1,1
0.974,236,14.5,124,-1,36.8,66,-1,-1,1,86,3.5,0.875,1,467,-1,1
0.992,236,14.5,127,-1,36.8,66,-1,-1,1,82,3.5,0.875,1,473,-1,1
1.004,239,14.5,121,-1,36.8,66,-1,-1,1,83,3.5,0.875,1,479,-1,1
1.015,236,14.5,124,-1,36.8,66,-1,-1,1,88,3.5,0.875,1,479,-1,1
1.022,236,14.5,124,-1,36.8,62,-1,2,1,85,3.5,0.875,1,479,15,0
1.033,236,14.5,127,-1,36.8,62,-1,-1,1,84,3.5,0.875,1,473,-1,1
1.049,236,14.5,124,-1,36.8,62,-1,-1,1,85,3.5,0.875,1,473,-1,1
1.065,236,14.5,127,-1,36.8,62,-1,-1,1,84,3.5,0.875,1,473,-1,1
1.076,236,14.5,130,-1,36.8,62,-1,-1,1,84,3.5,0.875,1,479,-1,1
1.094,236,14.5,127,-1,36.8,62,-1,-1,1,85,3.5,0.875,1,479,-1,1
1.11,236,14.5,124,-1,36.8,62,-1,-1,1,90,3.5,0.875,1,479,-1,1
1.126,236,14.5,127,-1,36.8,62,-1,-1,1,88,3.5,0.875,1,479,-1,1
1.138,236,14.5,127,-1,36.8,62,-1,-1,1,87,3.5,0.875,1,479,-1,1
1.155,236,14.5,127,-1,36.8,62,-1,-1,1,84,3.5,0.875,1,486,-1,1
1.171,236,14.4,127,-1,36.8,62,-1,-1,1,86,3.5,0.875,1,492,-1,1
1.18,236,14.5,139,-1,36.8,62,-1,-1,1,86,3.5,0.875,1,521,-1,1
1.195,236,14.5,127,-1,36.8,62,-1,-1,1,86,3.5,0.875,1,492,-1,1
1.212,239,14.5,127,-1,36.8,62,-1,-1,1,89,3.5,0.875,1,492,-1,1
1.229,236,14.4,126,-1,36.8,62,-1,-1,1,72,3.5,0.875,1,545,-1,1
1.24,236,14.5,124,-1,36.7,62,-1,-1,1,86,3.5,0.875,1,486,-1,1
1.244,161,14.5,3,-1,36.7,62,-1,-1,1,76,3.5,0.875,1,486,-1,1
1.244,0,14.4,3,-1,36.7,62,-1,-1,1,71,3.5,0.875,1,486,-1,1
1.245,147,14.5,57,-1,36.7,62,-1,-1,1,75,3.5,0.875,1,486,-1,1
1.25,197,14.5,87,-1,36.8,62,-1,-1,1,90,3.5,0.875,1,479,-1,1
1.262,236,14.5,127,-1,36.8,62,-1,-1,1,93,3.5,0.875,1,486,-1,1
1.273,236,14.5,115,-1,36.8,62,-1,-1,1,90,3.5,0.875,1,486,-1,1
1.291,236,14.4,112,-1,36.8,62,-1,-1,1,89,3.5,0.875,1,486,-1,1
1.307,236,14.5,106,-1,36.8,62,-1,-1,1,91,3.5,0.875,1,486,-1,1
1.318,239,14.5,109,-1,36.8,62,-1,-1,1,91,3.5,0.875,1,486,-1,1
1.335,236,14.4,112,-1,36.8,62,-1,-1,1,88,3.5,0.875,1,486,-1,1
1.351,236,14.4,109,-1,36.8,62,-1,-1,1,89,3.5,0.875,1,479,-1,1
1.365,239,14.5,109,-1,36.8,62,-1,-1,1,86,3.5,0.875,1,479,-1,1
1.376,236,14.5,109,-1,36.8,62,-1,-1,1,95,3.5,0.875,1,486,-1,1
1.392,236,14.5,109,-1,36.8,62,-1,-1,1,89,3.5,0.875,1,473,-1,1
1.408,236,14.5,109,-1,36.8,62,-1,-1,1,94,3.5,0.875,1,479,-1,1
1.426,236,14.5,109,-1,36.8,62,-1,-1,1,93,3.5,0.875,1,486,-1,1
1.437,236,14.5,109,-1,36.8,62,-1,-1,1,92,3.5,0.875,1,486,-1,1
1.453,236,14.5,112,-1,36.8,60,-1,-1,1,92,3.5,0.875,1,486,-1,1
1.47,236,14.5,112,-1,36.8,60,-1,-1,1,90,3.5,0.875,1,479,-1,1
1.487,236,14.5,109,-1,36.8,60,-1,-1,1,94,3.5,0.875,1,492,-1,1
1.498,236,14.5,109,-1,36.8,60,-1,-1,1,92,3.5,0.875,1,486,-1,1
1.515,236,14.5,112,-1,36.8,60,-1,-1,1,94,3.5,0.875,1,492,-1,1
1.531,236,14.4,115,-1,36.8,60,-1,-1,1,89,3.5,0.875,1,486,-1,1
1.544,236,14.5,109,-1,36.8,60,-1,-1,1,106,3.5,0.875,1,506,-1,1
1.556,236,14.5,112,-1,36.8,60,-1,-1,1,91,3.5,0.875,1,486,-1,1
1.572,236,14.5,112,-1,36.7,60,-1,-1,1,88,3.5,0.875,1,479,-1,1
1.588,236,14.5,115,-1,36.7,60,-1,-1,1,92,3.5,0.875,1,492,-1,1
1.605,236,14.3,118,-1,36.7,60,-1,-1,1,90,3.5,0.875,1,492,-1,1
1.616,236,14.3,112,-1,36.7,60,-1,-1,1,89,3.5,0.875,1,479,-1,1
1.634,236,14.2,115,-1,36.7,60,-1,-1,1,91,3.5,0.875,1,486,-1,1
1.645,236,14.2,139,-1,36.7,60,-1,-1,1,84,3.5,0.893,1,486,-1,1
1.576,236,14.5,109,-1,36.8,60,100,2,1,94,3.5,0.875,1,492,16,0
1.657,236,14.2,96,-1,36.7,60,-1,-1,1,84,3.5,0.893,1,486,-1,1
1.673,236,14.2,121,-1,36.8,60,-1,-1,1,113,3.5,0.893,1,765,-1,1
1.689,236,14.2,121,-1,36.6,60,-1,-1,1,114,3.5,0.893,1,782,-1,1
1.707,236,14.2,130,-1,36.4,60,-1,-1,1,116,3.5,0.893,1,782,-1,1
1.718,236,14.2,124,-1,36.4,60,-1,-1,1,114,3.5,0.893,1,765,-1,1
1.731,236,14.2,130,-1,36.6,60,-1,-1,1,109,3.5,0.893,1,765,-1,1
1.749,236,14.2,127,-1,36.7,60,-1,-1,1,116,3.5,0.893,1,765,-1,1
1.76,236,14.2,127,-1,36.6,60,-1,-1,1,115,3.5,0.893,1,765,-1,1
1.777,236,14.2,124,-1,36.6,60,-1,-1,1,116,3.5,0.893,1,782,-1,1
1.793,236,14.2,121,-1,36.6,60,-1,-1,1,118,3.5,0.893,1,782,-1,1
1.811,236,14.3,121,-1,36.6,60,-1,-1,1,116,3.5,0.893,1,765,-1,1
1.821,239,14.2,124,-1,36.6,60,-1,-1,1,116,3.5,0.893,1,765,-1,1
1.839,236,14.3,121,-1,36.6,60,-1,-1,1,115,3.5,0.893,1,765,-1,1
1.856,236,14.3,124,-1,36.6,60,-1,-1,1,116,3.5,0.893,1,765,-1,1
1.872,236,14.2,124,-1,36.6,60,-1,-1,1,119,3.5,0.893,1,782,-1,1
1.879,236,14.3,124,-1,36.6,56,-1,-1,1,118,3.5,0.893,1,782,-1,1
1.89,239,14.2,121,-1,36.6,56,-1,-1,1,118,3.5,0.893,1,782,-1,1
1.907,236,14.2,127,-1,36.6,56,-1,-1,1,112,3.5,0.893,1,765,-1,1
1.921,236,14.2,124,-1,36.7,56,-1,-1,1,136,3.5,0.893,1,782,-1,1
1.932,236,14.2,115,-1,36.7,56,-1,-1,1,117,3.5,0.893,1,765,-1,1
1.949,236,14.3,124,-1,36.7,56,-1,-1,1,117,3.5,0.893,1,765,-1,1
1.966,236,14.3,121,-1,36.7,56,-1,-1,1,115,3.5,0.893,1,765,-1,1
1.978,239,14.3,118,-1,36.7,56,-1,-1,1,117,3.5,0.893,1,765,-1,1
1.995,236,14.3,121,-1,36.7,56,-1,-1,1,113,3.5,0.893,1,782,-1,1
2.012,236,14.3,118,-1,36.7,56,-1,-1,1,117,3.5,0.893,1,782,-1,1
2.029,236,14.3,118,-1,36.7,56,-1,-1,1,119,3.5,0.893,1,765,-1,1
2.041,236,14.3,118,-1,36.7,56,-1,-1,1,119,3.5,0.893,1,765,-1,1
2.058,236,14.3,118,-1,36.7,56,-1,-1,1,117,3.5,0.893,1,782,-1,1
2.074,236,14.3,121,-1,36.7,56,-1,-1,1,114,3.5,0.893,1,782,-1,1
2.086,236,14.3,121,-1,36.7,56,-1,-1,1,115,3.5,0.893,1,765,-1,1
2.104,236,14.3,124,-1,36.7,56,-1,-1,1,113,3.5,0.893,1,765,-1,1
2.116,236,14.3,115,-1,36.7,56,-1,-1,1,117,3.5,0.893,1,765,-1,1
2.134,236,14.3,121,-1,36.7,56,-1,-1,1,117,3.5,0.893,1,765,-1,1
2.146,236,14.3,115,-1,36.7,56,-1,-1,1,116,3.5,0.893,1,782,-1,1
2.162,236,14.3,109,-1,36.7,56,-1,-1,1,116,3.5,0.893,1,765,-1,1
2.179,236,14.3,112,-1,36.7,56,-1,-1,1,116,3.5,0.893,1,782,-1,1
2.191,236,14.3,112,-1,36.7,56,-1,-1,1,117,3.5,0.893,1,782,-1,1
2.208,236,14.3,112,-1,36.7,56,-1,-1,1,123,3.5,0.893,1,782,-1,1
2.225,236,14.3,112,-1,36.7,56,-1,-1,1,117,3.5,0.893,1,765,-1,1
2.242,236,14.3,115,-1,36.7,56,-1,-1,1,121,3.5,0.893,1,765,-1,1
2.253,236,14.3,106,-1,36.7,56,-1,-1,1,122,3.5,0.893,1,765,-1,1
2.27,236,14.3,103,-1,36.7,56,-1,-1,1,117,3.5,0.893,1,782,-1,1
2.288,236,14.2,106,-1,36.7,56,-1,-1,1,115,3.5,0.893,1,765,-1,1
2.303,236,14.3,112,-1,36.7,56,-1,-1,1,118,3.5,0.893,1,817,-1,1
2.312,236,14.3,96,-1,36.7,56,-1,-1,1,119,3.5,0.893,1,765,-1,1
2.324,239,14.3,103,-1,36.7,60,-1,-1,1,115,3.5,0.893,1,782,-1,1
2.335,236,14.3,99,-1,36.7,60,-1,-1,1,114,3.5,0.893,1,765,-1,1
2.352,236,14.3,103,-1,36.7,60,-1,-1,1,116,3.5,0.893,1,765,-1,1
2.37,236,14.3,106,-1,36.7,60,-1,-1,1,122,3.5,0.893,1,782,-1,1
2.38,236,14.2,106,-1,36.7,60,-1,-1,1,118,3.5,0.893,1,782,-1,1
2.398,236,14.2,103,-1,36.7,60,-1,-1,1,125,3.5,0.893,1,782,-1,1
2.414,236,14.2,93,-1,36.7,60,-1,-1,1,123,3.5,0.893,1,782,-1,1
2.431,236,14.3,96,-1,36.7,60,-1,-1,1,120,3.5,0.893,1,765,-1,1
2.442,239,14.2,93,-1,36.7,60,-1,-1,1,122,3.5,0.893,1,782,-1,1
2.46,236,14.2,93,-1,36.7,60,-1,-1,1,120,3.5,0.893,1,765,-1,1
2.477,236,14.2,160,-1,36.7,60,-1,-1,1,101,3.5,0.893,1,765,-1,1
2.472,236,14.2,121,-1,36.7,60,100,2,1,114,3.5,0.893,1,782,14,0
2.485,236,14.2,48,-1,36.7,60,-1,-1,1,99,3.5,0.893,1,782,-1,1
2.499,236,14.2,78,-1,36.7,60,-1,-1,1,115,3.5,0.893,1,782,-1,1
2.516,236,14.2,84,-1,36.8,60,-1,-1,1,122,3.5,0.893,1,765,-1,1
2.534,236,14.2,87,-1,36.7,60,-1,-1,1,119,3.5,0.893,1,765,-1,1
2.546,236,14.2,90,-1,36.7,60,-1,-1,1,120,3.5,0.893,1,782,-1,1
2.562,236,14.2,90,-1,36.7,60,-1,-1,1,119,3.5,0.893,1,782,-1,1
2.579,236,14.3,93,-1,36.8,60,-1,-1,1,117,3.5,0.893,1,782,-1,1
2.59,236,14.2,90,-1,36.7,60,-1,-1,1,119,3.5,0.893,1,765,-1,1
2.607,236,14.2,87,-1,36.7,60,-1,-1,1,120,3.5,0.893,1,765,-1,1
2.625,236,14.2,84,-1,36.7,60,-1,-1,1,118,3.5,0.893,1,765,-1,1
2.642,239,14.2,87,-1,36.8,60,-1,-1,1,117,3.5,0.893,1,782,-1,1
2.653,236,14.2,87,-1,36.8,60,-1,-1,1,118,3.5,0.893,1,782,-1,1
2.67,239,14.3,84,-1,36.7,60,-1,-1,1,118,3.5,0.893,1,765,-1,1
2.685,236,14.2,98,-1,36.7,60,-1,-1,1,117,3.5,0.893,1,817,-1,1
2.695,236,14.2,78,-1,36.7,60,-1,-1,1,119,3.5,0.893,1,782,-1,1
2.712,236,14.2,84,-1,36.7,60,-1,-1,1,119,3.5,0.893,1,765,-1,1
2.728,236,14.2,87,-1,36.7,60,-1,-1,1,125,3.5,0.893,1,765,-1,1
2.746,0,14.2,90,-1,36.8,60,-1,-1,1,121,3.5,0.893,1,782,-1,1
2.751,236,14.2,90,-1,36.8,60,-1,-1,1,116,3.5,0.893,0,782,-1,1
2.762,236,14.2,90,-1,36.8,60,-1,-1,1,119,3.5,0.893,0,782,-1,1
2.768,236,14.2,93,-1,36.8,59,-1,-1,1,120,3.5,0.893,6,765,-1,1
2.78,236,14.2,93,-1,36.8,59,-1,-1,1,118,3.5,0.893,6,765,-1,1
2.797,236,14.2,90,-1,36.7,59,-1,-1,1,123,3.5,0.893,6,782,-1,1
2.813,236,14.2,90,-1,36.7,59,-1,-1,1,118,3.5,0.893,6,782,-1,1
2.825,236,14.2,93,-1,36.7,59,-1,-1,1,123,3.5,0.893,6,782,-1,1
2.841,236,14.2,90,-1,36.7,59,-1,-1,1,118,3.5,0.893,6,782,-1,1
2.859,239,14.2,90,-1,36.7,59,-1,-1,1,122,3.5,0.893,6,765,-1,1
2.875,236,14.2,90,-1,36.7,59,-1,-1,1,125,3.5,0.893,6,782,-1,1
2.887,236,14.2,90,-1,36.7,59,-1,-1,1,123,3.5,0.893,6,782,-1,1
2.901,236,14.3,93,-1,36.7,59,-1,-1,1,115,3.5,0.893,6,765,-1,1
2.917,236,14.2,84,-1,36.8,59,-1,-1,1,123,3.5,0.893,6,782,-1,1
2.929,236,14.2,87,-1,36.7,59,-1,-1,1,122,3.5,0.893,6,765,-1,1
2.945,236,14.2,87,-1,36.7,59,-1,-1,1,127,3.5,0.893,6,765,-1,1
2.963,236,14.2,90,-1,36.8,59,-1,-1,1,125,3.5,0.893,6,782,-1,1
2.98,236,14.2,87,-1,36.8,59,-1,-1,1,125,3.5,0.893,6,782,-1,1
2.992,236,14.2,93,-1,36.7,59,-1,-1,1,120,3.5,0.893,6,782,-1,1
3.008,236,14.2,90,-1,36.8,59,-1,-1,1,125,3.5,0.893,6,765,-1,1
3.026,236,14.2,90,-1,36.8,59,-1,-1,1,120,3.5,0.893,6,765,-1,1
3.038,236,14.2,90,-1,36.7,59,-1,-1,1,126,3.5,0.893,6,782,-1,1
3.054,236,14.2,90,-1,36.7,59,-1,-1,1,123,3.5,0.893,6,782,-1,1
3.072,236,14.2,90,-1,36.7,59,-1,-1,1,127,3.5,0.893,6,782,-1,1
3.086,236,14.2,99,-1,36.7,59,-1,-1,1,126,3.5,0.893,6,817,-1,1
3.096,236,14.2,81,-1,36.7,59,-1,-1,1,123,3.5,0.893,6,782,-1,1
3.113,236,14.2,87,-1,36.7,59,-1,-1,1,120,3.5,0.893,6,782,-1,1
3.131,236,14.2,84,-1,36.7,59,-1,-1,1,122,3.5,0.893,6,782,-1,1
3.143,236,14.2,93,-1,36.8,59,-1,-1,1,123,3.5,0.893,6,765,-1,1
3.159,236,14.2,87,-1,36.8,59,-1,-1,1,128,3.5,0.893,1,782,-1,1
3.177,236,14.2,87,-1,36.7,59,-1,-1,1,125,3.5,0.893,1,782,-1,1
3.194,236,14.2,90,-1,36.7,59,-1,-1,1,123,3.5,0.893,1,782,-1,1
3.205,236,14.2,84,-1,36.8,59,-1,-1,1,126,3.5,0.893,1,765,-1,1
3.217,236,14.2,84,-1,36.7,56,-1,-1,1,125,3.5,0.893,1,782,-1,1
3.228,236,14.2,87,-1,36.8,56,-1,-1,1,126,3.5,0.893,1,782,-1,1
3.245,236,14.2,87,-1,36.7,56,-1,-1,1,127,3.5,0.893,1,782,-1,1
3.262,236,14.2,90,-1,36.7,56,-1,-1,1,128,3.5,0.893,1,765,-1,1
3.273,236,14.2,90,-1,36.7,56,-1,-1,1,129,3.5,0.893,1,782,-1,1
3.287,236,14.2,90,-1,36.7,56,-1,-1,1,119,3.5,0.893,1,782,-1,1
3.304,236,14.2,93,-1,36.8,56,-1,-1,1,123,3.5,0.893,1,782,-1,1
3.322,236,14.2,90,-1,36.8,56,-1,-1,1,128,3.5,0.893,1,765,-1,1
3.328,236,14.2,106,-1,36.7,56,-1,-1,1,125,3.5,0.893,1,836,-1,1
3.346,236,14.2,81,-1,36.7,56,-1,-1,1,128,3.5,0.893,1,782,-1,1
3.363,236,14.3,93,-1,36.7,56,-1,-1,1,127,3.5,0.893,1,782,-1,1
3.375,236,14.3,96,-1,36.7,56,-1,-1,1,130,3.5,0.893,1,782,-1,1
3.392,236,14.3,96,-1,36.7,56,-1,-1,1,131,3.5,0.893,1,782,-1,1
3.41,236,14.1,90,-1,36.7,56,-1,-1,1,127,3.5,0.893,1,782,-1,1
3.421,236,14,81,-1,36.7,56,-1,-1,1,127,3.5,0.893,1,765,-1,1
3.438,239,14,75,-1,36.7,56,-1,-1,1,132,3.5,0.893,1,782,-1,1
3.5,0,14,78,-1,36.7,56,-1,2,1,128,3.5,0,1,782,15,0
3.468,150,14,30,-1,36.7,56,-1,-1,1,109,3.5,0.893,0,782,-1,1
3.473,239,14,84,-1,36.7,56,-1,-1,1,129,3.5,0.893,0,765,-1,1
3.484,236,14,84,-1,36.7,56,-1,-1,1,130,3.5,0.893,0,765,-1,1
3.496,236,14,81,-1,36.7,56,-1,-1,1,128,3.5,0.893,0,765,-1,1
3.496,236,14,81,-1,36.7,56,-1,-1,1,128,3.5,0.893,0,765,-1,1
3.496,236,14,81,-1,36.7,56,-1,-1,1,128,3.5,0.893,0,765,-1,1
3.496,236,14,81,-1,36.7,56,-1,-1,1,128,3.5,0.893,0,765,-1,1
0.02,200,13.9,80,107,36.7,81,-1,2,1,20,3.5,0.92,0,500,15,0
0.04,230,13.9,89,113,36.9,81,-1,2,1,21,3.5,0.92,0,500,15,0
0.05,230,13.9,86,108,37.1,81,-1,-1,1,20,3.5,0.92,0,500,-1,1
0.07,230,13.9,82,108,37,81,-1,-1,1,21,3.5,0.92,0,500,-1,1
0.08,230,13.9,86,108,37,81,-1,-1,1,21,3.5,0.92,0,500,-1,1
0.1,230,13.9,88,109,37.1,81,-1,-1,1,21,3.5,0.92,0,500,-1,1
0.12,230,13.9,82,109,37.1,81,-1,-1,1,21,3.5,0.92,0,500,-1,1
0.13,230,14,85,107,37.1,81,-1,-1,1,20,3.5,0.92,0,500,-1,1
0.15,230,14,86,109,37.1,81,-1,-1,1,21,3.5,0.92,0,500,-1,1
0.16,230,13.9,82,108,37.1,81,-1,-1,1,21,3.5,0.92,0,500,-1,1
0.18,230,13.9,87,108,37.1,81,-1,-1,1,21,3.5,0.92,0,500,-1,1
0.19,230,14,83,109,37.1,81,-1,-1,1,21,3.5,0.92,0,500,-1,1
0.21,230,14,81,106,37.1,81,-1,-1,1,21,3.5,0.92,0,500,-1,1
0.22,230,14,85,107,37.1,81,-1,-1,1,21,3.5,0.92,0,500,-1,1
0.24,230,13.9,86,108,37.1,81,-1,-1,1,20,3.5,0.92,0,500,-1,1
0.25,230,13.9,84,110,37.1,81,-1,-1,1,20,3.5,0.92,0,500,-1,1
0.27,230,14,88,110,37.2,81,-1,-1,1,21,3.5,0.92,0,500,-1,1
0.29,230,14,84,110,37.1,81,-1,-1,1,21,3.5,0.92,0,500,-1,1
0.3,230,14,84,111,37.1,81,-1,-1,1,21,3.5,0.92,0,500,-1,1
0.32,230,13.9,90,112,37.1,81,-1,-1,1,21,3.5,0.92,0,500,-1,1
0.33,230,13.9,88,111,37.1,81,-1,-1,1,20,3.5,0.92,0,500,-1,1
0.35,230,14,86,111,37.1,81,-1,-1,1,21,3.5,0.92,0,500,-1,1
0.36,230,14,92,112,37.2,81,-1,-1,1,21,3.5,0.92,0,500,-1,1
0.38,230,13.9,92,114,37.2,81,-1,-1,1,20,3.5,0.92,0,500,-1,1
0.39,230,14,89,115,37.2,81,-1,-1,1,21,3.5,0.92,0,500,-1,1
0.41,230,13.9,94,114,37.2,81,-1,-1,1,21,3.5,0.92,0,500,-1,1
0.43,230,14,94,115,37.2,81,-1,-1,1,21,3.5,0.92,0,500,-1,1
0.43,230,13,96,72,37.2,81,-1,-1,1,34,3.5,0,0,500,-1,1
0.43,230,12,96,-1,37.6,81,-1,-1,1,142,3.5,0,0,500,-1,1
0.43,230,13.7,95,7,37.3,79,-1,-1,1,134,3.5,0,0,500,-1,1
0.43,230,14,81,52,36.9,79,-1,-1,1,131,3.5,0.92,0,500,-1,1
0.45,230,14,94,114,36.8,79,-1,-1,1,20,3.5,0.92,0,500,-1,1
0.46,230,14,83,108,36.9,79,-1,-1,1,20,3.5,0.92,0,500,-1,1
0.48,230,13.9,87,109,37.1,79,-1,-1,1,20,3.5,0.92,0,500,-1,1
0.5,230,14,85,110,37.1,79,-1,-1,1,20,3.5,0.92,0,500,-1,1
0.51,230,13.9,84,111,37,79,-1,-1,1,21,3.5,0.92,0,500,-1,1
0.53,230,14,88,111,37.1,79,-1,-1,1,20,3.5,0.92,0,500,-1,1
0.54,230,13.9,84,112,37.1,79,-1,-1,1,20,3.5,0.92,0,500,-1,1
0.56,230,13.9,93,118,37.2,79,-1,-1,1,20,3.5,0.92,0,500,-1,1
0.57,230,14,92,117,37.2,79,-1,-1,1,20,3.5,0.92,0,500,-1,1
0.59,230,13.9,92,118,37.2,79,-1,-1,1,20,3.5,0.92,0,500,-1,1
0.6,230,13.9,94,115,37.2,79,-1,-1,1,20,3.5,0.92,0,500,-1,1
0.62,230,13.9,89,115,37.2,79,-1,-1,1,20,3.5,0.92,0,500,-1,1
0.64,230,13.9,86,115,37.2,79,-1,-1,1,20,3.5,0.92,0,500,-1,1
0.65,230,13.9,91,114,37.2,79,-1,-1,1,20,3.5,0.92,0,500,-1,1
0.67,230,13.9,87,114,37.2,79,-1,-1,1,20,3.5,0.92,0,500,-1,1
0.68,230,14,89,115,37.2,79,-1,-1,1,20,3.5,0.92,0,500,-1,1
0.7,230,13.9,91,115,37.2,79,-1,-1,1,20,3.5,0.92,0,500,-1,1
0.71,230,13.9,89,116,37.2,79,-1,-1,1,19,3.5,0.92,0,500,-1,1
0.73,230,13.9,95,116,37.2,79,-1,-1,1,20,3.5,0.92,0,500,-1,1
0.74,230,14,90,116,37.2,79,-1,-1,1,20,3.5,0.92,0,500,-1,1
0.76,230,13.9,94,116,37.2,79,-1,-1,1,20,3.5,0.92,0,500,-1,1
0.78,230,13.9,97,117,37.2,79,-1,-1,1,20,3.5,0.92,0,500,-1,1
0.79,230,13.9,99,124,37.2,79,-1,-1,1,20,3.5,0.92,0,500,-1,1
0.81,230,13.9,104,126,37.2,79,-1,-1,1,19,3.5,0.92,0,500,-1,1
0.82,230,14,99,125,37.2,79,-1,-1,1,20,3.5,0.92,0,500,-1,1
0.84,230,14,103,126,37.2,79,-1,-1,1,20,3.5,0.92,0,500,-1,1
0.85,230,14,100,125,37.2,79,-1,-1,1,20,3.5,0.92,0,500,-1,1
0.87,230,14,99,126,37.2,79,-1,-1,1,20,3.5,0.92,0,500,-1,1
0.87,230,14,98,126,37.2,78,-1,-1,1,20,3.5,0.92,0,500,-1,1
0.89,230,14,102,127,37.2,78,-1,-1,1,20,3.5,0.92,0,500,-1,1
0.91,230,14,107,127,37.2,78,-1,2,1,20,3.5,0.92,0,500,15,0
0.92,230,13.9,102,125,37.2,78,-1,-1,1,20,3.5,0.92,0,500,-1,1
0.94,230,14,102,126,37.2,78,-1,-1,1,20,3.5,0.92,0,500,-1,1
0.95,230,14,104,126,37.2,78,-1,-1,1,20,3.5,0.92,0,500,-1,1
0.97,230,14,101,125,37.2,78,-1,-1,1,20,3.5,0.92,0,500,-1,1
0.98,230,14,109,133,37.2,78,-1,-1,1,20,3.5,0.92,0,500,-1,1
1,230,13.9,106,132,37.2,78,-1,-1,1,20,3.5,0.92,0,500,-1,1
1.01,230,13.9,97,128,37.2,78,-1,-1,1,20,3.5,0.92,0,500,-1,1
1.03,230,14,89,113,37.2,78,-1,-1,1,20,3.5,0.92,0,500,-1,1
1.05,230,14,98,127,37.2,78,-1,-1,1,20,3.5,0.92,0,500,-1,1
1.06,230,13.9,103,127,37.2,78,-1,-1,1,20,3.5,0.92,0,500,-1,1
1.08,230,13.9,97,126,37.2,78,-1,-1,1,20,3.5,0.92,0,500,-1,1
1.09,230,13.9,97,122,37.2,78,-1,-1,1,20,3.5,0.92,0,500,-1,1
1.11,230,14,101,124,37.2,78,-1,-1,1,20,3.5,0.92,0,500,-1,1
1.12,230,13.9,95,120,37.2,78,-1,-1,1,20,3.5,0.92,0,500,-1,1
1.14,230,13.9,93,118,37.2,78,-1,-1,1,21,3.5,0.92,0,500,-1,1
1.15,230,13.9,94,117,37.2,78,-1,-1,1,20,3.5,0.92,0,500,-1,1
1.17,230,13.9,96,117,37.2,78,-1,-1,1,21,3.5,0.92,0,500,-1,1
1.18,230,13.9,91,117,37.2,78,-1,-1,1,20,3.5,0.92,0,500,-1,1
1.2,230,13.9,97,117,37.2,78,-1,-1,1,20,3.5,0.92,0,500,-1,1
1.22,230,13.9,98,123,37.2,78,-1,-1,1,20,3.5,0.92,0,500,-1,1
1.23,230,14,98,120,37.2,78,-1,-1,1,20,3.5,0.92,0,500,-1,1
1.25,230,14,99,122,37.2,78,-1,-1,1,20,3.5,0.92,0,500,-1,1
1.26,230,14,97,122,37.2,78,-1,-1,1,20,3.5,0.92,0,500,-1,1
1.28,230,13.9,97,123,37.2,78,-1,-1,1,20,3.5,0.92,0,500,-1,1
1.29,230,13.9,96,123,37.2,78,-1,-1,1,21,3.5,0.92,0,500,-1,1
1.31,230,13.9,98,123,37.2,78,-1,-1,1,21,3.5,0.92,0,500,-1,1
1.32,230,13.9,102,123,37.2,78,-1,-1,1,20,3.5,0.92,0,500,-1,1
1.33,230,14,101,123,37.2,74,-1,-1,1,20,3.5,0.92,0,500,-1,1
1.35,230,13.9,96,124,37.2,74,-1,-1,1,20,3.5,0.92,0,500,-1,1
1.36,230,13.9,100,123,37.2,74,-1,-1,1,20,3.5,0.92,0,500,-1,1
1.38,230,14,106,126,37.2,74,-1,-1,1,20,3.5,0.92,0,500,-1,1
1.39,230,13.9,100,125,37.2,74,-1,-1,1,20,3.5,0.92,0,500,-1,1
1.41,230,13.9,101,125,37.2,74,-1,-1,1,20,3.5,0.92,0,500,-1,1
1.42,230,13.9,103,125,37.2,74,-1,-1,1,21,3.5,0.92,0,500,-1,1
1.44,230,13.9,99,126,37.2,74,-1,-1,1,20,3.5,0.92,0,500,-1,1
1.46,230,13.9,103,127,37.2,74,-1,-1,1,20,3.5,0.92,0,500,-1,1
1.47,230,13.9,102,128,37.2,74,-1,-1,1,20,3.5,0.92,0,500,-1,1
1.49,230,13.9,105,130,37.1,74,-1,-1,1,20,3.5,0.92,0,500,-1,1
1.5,230,14,107,129,37.2,74,-1,-1,1,20,3.5,0.92,0,500,-1,1
1.52,230,13.9,106,129,37.2,74,-1,-1,1,20,3.5,0.92,0,500,-1,1
1.53,230,13.9,103,129,37.2,74,-1,-1,1,21,3.5,0.92,0,500,-1,1
1.55,230,13.9,106,128,37.2,74,-1,-1,1,21,3.5,0.92,0,500,-1,1
1.56,230,13.9,101,128,37.2,74,-1,-1,1,21,3.5,0.92,0,500,-1,1
1.58,230,13.9,104,129,37.2,74,-1,-1,1,21,3.5,0.92,0,500,-1,1
1.6,230,14,98,123,37.2,74,-1,-1,1,20,3.5,0.92,0,500,-1,1
1.61,230,13.9,100,123,37.2,74,-1,-1,1,20,3.5,0.92,0,500,-1,1
1.63,230,14,98,123,37.2,74,-1,-1,1,20,3.5,0.92,0,500,-1,1
1.64,230,14,98,123,37.2,74,-1,-1,1,20,3.5,0.92,0,500,-1,1
1.66,230,14,96,124,37.2,74,-1,-1,1,21,3.5,0.92,0,500,-1,1
1.67,230,14,98,124,37.2,74,-1,-1,1,21,3.5,0.92,0,500,-1,1
1.69,230,14,104,124,37.2,74,-1,-1,1,21,3.5,0.92,0,500,-1,1
1.7,230,13.9,101,124,37.2,74,-1,-1,1,21,3.5,0.92,0,500,-1,1
1.72,230,13.9,101,125,37.2,74,-1,-1,1,21,3.5,0.92,0,500,-1,1
1.74,230,13.9,104,124,37.2,74,-1,-1,1,21,3.5,0.92,0,500,-1,1
1.75,230,13.9,97,118,37.2,74,-1,-1,1,21,3.5,0.92,0,500,-1,1
1.77,230,13.9,92,114,37.2,74,-1,-1,1,21,3.5,0.92,0,500,-1,1
1.78,230,13.9,90,112,37.2,74,-1,-1,1,21,3.5,0.92,0,500,-1,1
1.79,230,13.9,93,114,37.2,87,-1,-1,1,21,3.5,0.92,0,500,-1,1
1.8,230,14,89,114,37.2,87,-1,-1,1,21,3.5,0.92,0,500,-1,1
1.82,230,13.9,91,113,37.2,87,-1,2,1,21,3.5,0.92,0,500,15,0
1.83,230,13.9,90,114,37.2,87,-1,-1,1,21,3.5,0.92,0,500,-1,1
1.85,230,14,88,112,37.2,87,-1,-1,1,21,3.5,0.92,0,500,-1,1
1.87,230,13.9,92,114,37.2,87,-1,-1,1,21,3.5,0.92,0,500,-1,1
1.88,230,14,87,112,37.2,87,-1,-1,1,21,3.5,0.92,0,500,-1,1
1.9,230,14,90,113,37.2,87,-1,-1,1,21,3.5,0.92,0,500,-1,1
1.91,230,13.9,90,114,37.2,87,-1,-1,1,22,3.5,0.92,0,500,-1,1
1.93,230,13.9,95,115,37.2,87,-1,-1,1,22,3.5,0.92,0,500,-1,1
1.94,230,13.9,90,114,37.2,87,-1,-1,1,21,3.5,0.92,0,500,-1,1
1.96,230,13.9,96,116,37.2,87,-1,-1,1,21,3.5,0.92,0,500,-1,1
1.97,230,13.9,94,115,37.2,87,-1,-1,1,21,3.5,0.92,0,500,-1,1
1.99,230,13.9,93,116,37.2,87,-1,-1,1,21,3.5,0.92,0,500,-1,1
2.01,230,14,94,117,37.2,87,-1,-1,1,21,3.5,0.92,0,500,-1,1
2.02,230,14,94,116,37.2,87,-1,-1,1,22,3.5,0.92,0,500,-1,1
2.04,230,14,95,118,37.2,87,-1,-1,1,22,3.5,0.92,0,500,-1,1
2.05,230,13.9,96,118,37.2,87,-1,-1,1,21,3.5,0.92,0,500,-1,1
2.07,230,13.9,95,118,37.2,87,-1,-1,1,21,3.5,0.92,0,500,-1,1
2.08,230,13.9,99,117,37.2,87,-1,-1,1,22,3.5,0.92,0,500,-1,1
2.1,230,13.9,92,117,37.2,87,-1,-1,1,22,3.5,0.92,0,500,-1,1
2.11,230,14,95,116,37.2,87,-1,-1,1,21,3.5,0.92,0,500,-1,1
2.13,230,13.9,95,118,37.2,87,-1,-1,1,22,3.5,0.92,0,500,-1,1
2.15,230,13.9,93,118,37.2,87,-1,-1,1,22,3.5,0.92,0,500,-1,1
2.16,230,13.9,99,120,37.2,87,-1,-1,1,22,3.5,0.92,0,500,-1,1
2.18,230,13.9,93,120,37.2,87,-1,-1,1,22,3.5,0.92,0,500,-1,1
2.19,230,13.9,97,120,37.2,87,-1,-1,1,22,3.5,0.92,0,500,-1,1
2.21,230,13.9,103,122,37.2,87,-1,-1,1,22,3.5,0.92,0,500,-1,1
2.22,230,13.9,106,125,37.2,87,-1,-1,1,22,3.5,0.92,0,500,-1,1
2.25,230,13.9,103,125,37.2,78,-1,-1,1,22,3.5,0.92,0,500,-1,1
2.26,230,14,103,126,37.2,78,-1,-1,1,22,3.5,0.92,0,500,-1,1
2.28,230,13.9,101,127,37.2,78,-1,-1,1,22,3.5,0.92,0,500,-1,1
2.29,230,13.9,105,126,37.2,78,-1,-1,1,22,3.5,0.92,0,500,-1,1
2.31,230,14,106,126,37.2,78,-1,-1,1,22,3.5,0.92,0,500,-1,1
2.32,230,13.9,105,128,37.2,78,-1,-1,1,22,3.5,0.92,0,500,-1,1
2.34,230,14,109,128,37.2,78,-1,-1,1,22,3.5,0.92,0,500,-1,1
2.35,230,14,107,129,37.2,78,-1,-1,1,22,3.5,0.92,0,500,-1,1
2.37,230,14,109,131,37.2,78,-1,-1,1,23,3.5,0.92,0,500,-1,1
2.39,230,14,112,132,37.2,78,-1,-1,1,23,3.5,0.92,0,500,-1,1
2.4,230,14,108,135,37.2,78,-1,-1,1,23,3.5,0.92,0,500,-1,1
2.42,230,14,115,138,37.2,78,-1,-1,1,23,3.5,0.92,0,500,-1,1
2.43,230,13.9,105,123,37.2,78,-1,-1,1,22,3.5,0.92,0,500,-1,1
2.45,230,14,97,120,37.2,78,-1,-1,1,23,3.5,0.92,0,500,-1,1
2.46,230,13.9,103,122,37.2,78,-1,-1,1,23,3.5,0.92,0,500,-1,1
2.48,230,14,100,122,37.2,78,-1,-1,1,23,3.5,0.92,0,500,-1,1
2.5,230,13.9,100,123,37.2,78,-1,-1,1,24,3.5,0.92,0,500,-1,1
2.51,230,14,105,124,37.2,78,-1,-1,1,23,3.5,0.92,0,500,-1,1
2.53,230,14,99,123,37.2,78,-1,-1,1,23,3.5,0.92,0,500,-1,1
2.54,230,13.9,102,125,37.2,78,-1,-1,1,23,3.5,0.92,0,500,-1,1
2.56,230,13.9,103,124,37.2,78,-1,-1,1,23,3.5,0.92,0,500,-1,1
2.57,230,13.9,104,124,37.2,78,-1,-1,1,23,3.5,0.92,0,500,-1,1
2.59,230,13.9,101,124,37.2,78,-1,-1,1,24,3.5,0.92,0,500,-1,1
2.6,230,14,104,124,37.2,78,-1,-1,1,24,3.5,0.92,0,500,-1,1
2.62,230,13.9,99,122,37.2,78,-1,-1,1,24,3.5,0.92,0,500,-1,1
2.63,230,13.9,104,127,37.2,78,-1,-1,1,24,3.5,0.92,0,500,-1,1
2.65,230,13.9,109,125,37.2,78,-1,-1,1,24,3.5,0.92,0,500,-1,1
2.66,230,14,105,123,37.2,78,-1,-1,1,24,3.5,0.92,0,500,-1,1
2.68,230,13.9,103,125,37.2,78,-1,-1,1,24,3.5,0.92,0,500,-1,1
2.7,230,13.9,105,126,37.2,84,-1,-1,1,24,3.5,0.92,0,500,-1,1
2.72,230,13.9,104,125,37.2,84,-1,-1,1,24,3.5,0.92,0,500,-1,1
2.73,230,13.9,101,124,37.2,84,-1,2,1,24,3.5,0.92,0,500,15,0
2.75,230,13.9,103,122,37.2,84,-1,-1,1,24,3.5,0.92,0,500,-1,1
2.76,230,13.9,100,124,37.2,84,-1,-1,1,24,3.5,0.92,0,500,-1,1
2.78,230,13.9,104,125,37.2,84,-1,-1,1,24,3.5,0.92,0,500,-1,1
2.79,230,13.9,107,127,37.1,84,-1,-1,1,24,3.5,0.92,0,500,-1,1
2.81,230,13.9,105,127,37.2,84,-1,-1,1,24,3.5,0.92,0,500,-1,1
2.83,230,13.9,108,124,37.2,84,-1,-1,1,24,3.5,0.92,0,500,-1,1
2.84,230,14,104,124,37.2,84,-1,-1,1,25,3.5,0.92,0,500,-1,1
2.86,230,14,105,124,37.2,84,-1,-1,1,24,3.5,0.92,0,500,-1,1
2.87,230,13.9,111,126,37.2,84,-1,-1,1,25,3.5,0.92,0,500,-1,1
2.89,230,14,107,127,37.2,84,-1,-1,1,24,3.5,0.92,0,500,-1,1
2.9,230,13.9,103,122,37.2,84,-1,-1,1,25,3.5,0.92,0,500,-1,1
2.92,230,13.9,102,122,37.2,84,-1,-1,1,25,3.5,0.92,0,500,-1,1
2.94,230,13.9,105,124,37.2,84,-1,-1,1,25,3.5,0.92,0,500,-1,1
2.95,230,13.9,99,121,37.2,84,-1,-1,1,25,3.5,0.92,0,500,-1,1
2.97,230,14,107,125,37.2,84,-1,-1,1,25,3.5,0.92,0,500,-1,1
2.98,230,13.9,107,127,37.2,84,-1,-1,1,25,3.5,0.92,0,500,-1,1
3,230,14,103,125,37.2,84,-1,-1,1,25,3.5,0.92,0,500,-1,1
3.01,230,13.9,111,128,37.2,84,-1,-1,1,25,3.5,0.92,0,500,-1,1
3.03,230,13.9,107,129,37.2,84,-1,-1,1,25,3.5,0.92,0,500,-1,1
3.04,230,14,106,127,37.2,84,-1,-1,1,25,3.5,0.92,0,500,-1,1
3.06,230,13.9,111,127,37.2,84,-1,-1,1,25,3.5,0.92,0,500,-1,1
3.07,230,14,115,133,37.2,84,-1,-1,1,26,3.5,0.92,0,500,-1,1
3.09,230,13.9,112,134,37.2,84,-1,-1,1,26,3.5,0.92,0,500,-1,1
3.11,230,14,113,133,37.2,84,-1,-1,1,26,3.5,0.92,0,500,-1,1
3.12,230,13.9,118,133,37.2,84,-1,-1,1,26,3.5,0.92,0,500,-1,1
3.14,230,13.9,113,133,37.2,84,-1,-1,1,26,3.5,0.92,0,500,-1,1
3.15,230,13.9,116,133,37.2,84,-1,-1,1,26,3.5,0.92,0,500,-1,1
3.17,230,14,116,134,37.2,76,-1,-1,1,26,3.5,0.92,0,500,-1,1
3.19,230,13.9,115,134,37.2,76,-1,-1,1,26,3.5,0.92,0,500,-1,1
3.2,230,14,120,135,37.2,76,-1,-1,1,27,3.5,0.92,0,500,-1,1
3.22,230,13.9,115,135,37.2,76,-1,-1,1,27,3.5,0.92,0,500,-1,1
3.23,230,14,116,135,37.2,76,-1,-1,1,27,3.5,0.92,0,500,-1,1
3.25,230,13.9,114,131,37.2,76,-1,-1,1,27,3.5,0.92,0,500,-1,1
3.26,230,13.9,113,130,37.2,76,-1,-1,1,27,3.5,0.92,0,500,-1,1
3.28,230,13.9,111,130,37.2,76,-1,-1,1,27,3.5,0.92,0,500,-1,1
3.29,230,14,116,131,37.2,76,-1,-1,1,27,3.5,0.92,0,500,-1,1
3.31,230,14,112,132,37.2,76,-1,-1,1,27,3.5,0.92,0,500,-1,1
3.33,230,13.9,115,133,37.2,76,-1,-1,1,27,3.5,0.92,0,500,-1,1
3.34,230,14,118,133,37.2,76,-1,-1,1,27,3.5,0.92,0,500,-1,1
3.36,230,14,114,134,37.2,76,-1,-1,1,28,3.5,0.92,0,500,-1,1
3.37,230,13.9,114,130,37.2,76,-1,-1,1,27,3.5,0.92,0,500,-1,1
3.39,230,13.9,111,125,37.2,76,-1,-1,1,27,3.5,0.92,0,500,-1,1
3.4,230,13.9,116,130,37.2,76,-1,-1,1,27,3.5,0.92,0,500,-1,1
3.42,230,13.9,114,131,37.2,76,-1,-1,1,28,3.5,0.92,0,500,-1,1
3.43,230,13.9,109,128,37.2,76,-1,-1,1,28,3.5,0.96,0,500,-1,1
3.43,230,13.9,110,127,37.2,76,-1,-1,1,28,3.5,0.97,0,500,-1,1
3.44,230,13.9,104,122,37.2,76,-1,-1,1,30,3.5,1.5,0,500,-1,1
3.46,230,13.9,115,118,37.2,76,-1,-1,1,40,3.5,1.5,0,500,-1,1
3.5,0,13.9,129,91,37.2,76,-1,2,1,53,3.5,0,0,500,15,0
3.49,230,13.9,118,120,37.2,76,-1,-1,1,40,3.5,1.5,0,500,-1,1
3.5,230,13.9,121,123,37.2,76,-1,-1,1,40,3.5,0,0,500,-1,1
3.5,210,13.9,-4,7,37.2,76,-1,-1,1,16,3.5,0,0,500,-1,1
3.5,200,13.9,121,4,37.2,76,-1,-1,1,60,3.5,0,0,500,-1,1
3.5,200,13.9,45,4,37.2,76,-1,-1,1,99,3.5,0,0,500,-1,1
3.5,150,12.4,22,6,37.2,76,-1,-1,1,67,3.5,0,0,500,-1,1
0.002,196,13.9,279,-1,36.3,78,-1,-1,1,83,2.3,0.575,0,499,-1,1
0.002,196,13.9,279,-1,36.3,78,-1,2,1,83,2.3,0.575,0,499,16,0
0.142,146,13.9,232,-1,37.3,75,-1,-1,1,64,2.3,0.575,0,499,-1,1
0.142,146,13.9,232,-1,37.3,75,-1,-1,1,64,2.3,0.575,0,499,-1,1
0.286,146,14,261,-1,37.1,82,-1,-1,1,62,2.3,0.575,0,506,-1,1
0.286,146,14,261,-1,37.1,82,-1,-1,1,62,2.3,0.575,0,506,-1,1
0.428,146,14,182,-1,37.2,75,-1,-1,1,67,2.3,0.575,0,499,-1,1
0.428,146,14,182,-1,37.2,75,-1,-1,1,67,2.3,0.575,0,499,-1,1
0.572,146,14,176,-1,37.2,83,-1,-1,1,66,2.3,0.575,0,499,-1,1
0.572,146,14,176,-1,37.2,83,-1,2,1,66,2.3,0.575,0,499,15,0
0.716,146,13.9,176,-1,37.3,75,-1,-1,1,66,2.3,0.575,0,492,-1,1
0.716,146,13.9,176,-1,37.3,75,-1,-1,1,66,2.3,0.575,0,492,-1,1
0.86,146,14,167,-1,37.2,75,-1,-1,1,67,2.3,0.575,0,499,-1,1
1.002,146,14,182,-1,37.2,81,-1,-1,1,68,2.3,0.575,0,499,-1,1
1.145,146,14,158,-1,37.1,81,-1,-1,1,72,2.3,0.575,0,499,-1,1
1.289,146,14,138,-1,37.2,83,100,2,1,71,2.3,0.575,0,499,15,0
1.433,146,14,105,-1,37.2,83,-1,-1,1,73,2.3,0.575,0,492,-1,1
1.577,146,14,105,-1,37.2,81,-1,-1,1,74,2.3,0.575,0,499,-1,1
1.721,146,14,111,-1,37.2,83,-1,-1,1,74,2.3,0.575,0,492,-1,1
1.863,146,14,114,-1,37.2,88,-1,2,1,79,2.3,0.575,0,492,15,0
2.007,146,14,129,-1,37.2,87,-1,-1,1,81,2.3,0.575,0,492,-1,1
2.151,146,14,138,-1,37.2,89,-1,-1,1,81,2.3,0.575,0,499,-1,1
2.296,146,13.6,123,-1,36.9,94,-1,2,1,90,2.3,0.575,0,521,15,0
2.3,146,14.7,113,-1,36.5,77,-1,2,1,-31,2.3,0,0,999,15,0
